Dataset,Model,Test_Error,Test_Accuracy,Runtime_Seconds,Train_Size,Test_Size,Num_Classes
reuters,SBERT,0.3204001212488633,0.6795998787511367,322.15236616134644,9603,3299,473
reuters,SBERT-large,0.25856320096999086,0.7414367990300091,2063.9958050251007,9603,3299,473
reuters,DistilBERT,0.29524098211579264,0.7047590178842074,811.7486019134521,9603,3299,473
reuters,RoBERTa,0.31464080024249774,0.6853591997575023,1525.0099129676819,9603,3299,473
reuters,BERT,0.29402849348287363,0.7059715065171264,1639.2641899585724,9603,3299,473
