Dataset,Model,Test_Error,Test_Accuracy,Runtime_Seconds,Train_Size,Test_Size,Num_Classes
reuters,SBERT,0.06715395157606208,0.9328460484239379,131.71239399909973,5484,2189,8
reuters,SBERT-large,0.05893101873001372,0.9410689812699863,803.3222079277039,5484,2189,8
reuters,DistilBERT,0.08588396528095021,0.9141160347190498,338.3727719783783,5484,2189,8
reuters,RoBERTa,0.09136592051164916,0.9086340794883508,610.1294889450073,5484,2189,8
reuters,BERT,0.08497030607583367,0.9150296939241663,744.6243929862976,5484,2189,8
